millis,stamp,datetime,motion
1000,1500976025, 2017/7/25 9:47:5, Inactive
1999,1500976026, 2017/7/25 9:47:6, Inactive
2999,1500976027, 2017/7/25 9:47:7, Inactive
3999,1500976028, 2017/7/25 9:47:8, Inactive
5000,1500976029, 2017/7/25 9:47:9, Inactive
5999,1500976030, 2017/7/25 9:47:10, Inactive
7000,1500976031, 2017/7/25 9:47:11, Inactive
7999,1500976032, 2017/7/25 9:47:12, Active
8998,1500976033, 2017/7/25 9:47:13, Active
9999,1500976034, 2017/7/25 9:47:14, Active
10999,1500976035, 2017/7/25 9:47:15, Active
11999,1500976036, 2017/7/25 9:47:16, Active
12999,1500976037, 2017/7/25 9:47:17, Active
14000,1500976038, 2017/7/25 9:47:18, Active
14999,1500976039, 2017/7/25 9:47:19, Active
16000,1500976040, 2017/7/25 9:47:20, Active
16999,1500976041, 2017/7/25 9:47:21, Active
17999,1500976042, 2017/7/25 9:47:22, Active
18999,1500976043, 2017/7/25 9:47:23, Active
19999,1500976044, 2017/7/25 9:47:24, Active
20999,1500976045, 2017/7/25 9:47:25, Active
21999,1500976046, 2017/7/25 9:47:26, Active
22999,1500976047, 2017/7/25 9:47:27, Active
23998,1500976048, 2017/7/25 9:47:28, Active
24999,1500976049, 2017/7/25 9:47:29, Active
25999,1500976050, 2017/7/25 9:47:30, Active
26999,1500976051, 2017/7/25 9:47:31, Active
28000,1500976052, 2017/7/25 9:47:32, Active
28999,1500976053, 2017/7/25 9:47:33, Active
29999,1500976054, 2017/7/25 9:47:34, Active
30999,1500976055, 2017/7/25 9:47:35, Active
32000,1500976056, 2017/7/25 9:47:36, Active
32999,1500976057, 2017/7/25 9:47:37, Active
33999,1500976058, 2017/7/25 9:47:38, Active
34999,1500976059, 2017/7/25 9:47:39, Active
35999,1500976060, 2017/7/25 9:47:40, Active
36999,1500976061, 2017/7/25 9:47:41, Active
37999,1500976062, 2017/7/25 9:47:42, Active
38999,1500976063, 2017/7/25 9:47:43, Active
39999,1500976064, 2017/7/25 9:47:44, Active
40999,1500976065, 2017/7/25 9:47:45, Active
41999,1500976066, 2017/7/25 9:47:46, Active
42999,1500976067, 2017/7/25 9:47:47, Active
43999,1500976068, 2017/7/25 9:47:48, Active
44999,1500976069, 2017/7/25 9:47:49, Active
46000,1500976070, 2017/7/25 9:47:50, Active
46999,1500976071, 2017/7/25 9:47:51, Active
48000,1500976072, 2017/7/25 9:47:52, Active
48999,1500976073, 2017/7/25 9:47:53, Active
49999,1500976074, 2017/7/25 9:47:54, Active
50999,1500976075, 2017/7/25 9:47:55, Active
51999,1500976076, 2017/7/25 9:47:56, Active
52999,1500976077, 2017/7/25 9:47:57, Active
53999,1500976078, 2017/7/25 9:47:58, Active
55000,1500976079, 2017/7/25 9:47:59, Active
55999,1500976080, 2017/7/25 9:48:0, Active
56999,1500976081, 2017/7/25 9:48:1, Active
57999,1500976082, 2017/7/25 9:48:2, Active
58999,1500976083, 2017/7/25 9:48:3, Active
59999,1500976084, 2017/7/25 9:48:4, Active
60999,1500976085, 2017/7/25 9:48:5, Active
61999,1500976086, 2017/7/25 9:48:6, Active
62999,1500976087, 2017/7/25 9:48:7, Active
64000,1500976088, 2017/7/25 9:48:8, Active
64999,1500976089, 2017/7/25 9:48:9, Active
65999,1500976090, 2017/7/25 9:48:10, Active
66999,1500976091, 2017/7/25 9:48:11, Active
67999,1500976092, 2017/7/25 9:48:12, Active
69000,1500976093, 2017/7/25 9:48:13, Inactive
69999,1500976094, 2017/7/25 9:48:14, Inactive
71000,1500976095, 2017/7/25 9:48:15, Inactive
71999,1500976096, 2017/7/25 9:48:16, Inactive
72999,1500976097, 2017/7/25 9:48:17, Inactive
73999,1500976098, 2017/7/25 9:48:18, Inactive
74999,1500976099, 2017/7/25 9:48:19, Inactive
76000,1500976100, 2017/7/25 9:48:20, Inactive
76999,1500976101, 2017/7/25 9:48:21, Inactive
77999,1500976102, 2017/7/25 9:48:22, Inactive
78999,1500976103, 2017/7/25 9:48:23, Inactive
80000,1500976104, 2017/7/25 9:48:24, Active
80999,1500976105, 2017/7/25 9:48:25, Active
81999,1500976106, 2017/7/25 9:48:26, Active
82999,1500976107, 2017/7/25 9:48:27, Active
83999,1500976108, 2017/7/25 9:48:28, Active
85000,1500976109, 2017/7/25 9:48:29, Active
85999,1500976110, 2017/7/25 9:48:30, Active
87000,1500976111, 2017/7/25 9:48:31, Active
87999,1500976112, 2017/7/25 9:48:32, Active
88999,1500976113, 2017/7/25 9:48:33, Active
89999,1500976114, 2017/7/25 9:48:34, Active
90999,1500976115, 2017/7/25 9:48:35, Active
91999,1500976116, 2017/7/25 9:48:36, Active
92999,1500976117, 2017/7/25 9:48:37, Active
93999,1500976118, 2017/7/25 9:48:38, Active
94998,1500976119, 2017/7/25 9:48:39, Active
96000,1500976120, 2017/7/25 9:48:40, Active
96999,1500976121, 2017/7/25 9:48:41, Active
97999,1500976122, 2017/7/25 9:48:42, Active
98999,1500976123, 2017/7/25 9:48:43, Active
99999,1500976124, 2017/7/25 9:48:44, Active
100999,1500976125, 2017/7/25 9:48:45, Active
101999,1500976126, 2017/7/25 9:48:46, Active
103000,1500976127, 2017/7/25 9:48:47, Active
103999,1500976128, 2017/7/25 9:48:48, Active
104999,1500976129, 2017/7/25 9:48:49, Active
105999,1500976130, 2017/7/25 9:48:50, Inactive
106999,1500976131, 2017/7/25 9:48:51, Inactive
107999,1500976132, 2017/7/25 9:48:52, Inactive
108999,1500976133, 2017/7/25 9:48:53, Inactive
109999,1500976134, 2017/7/25 9:48:54, Inactive
110999,1500976135, 2017/7/25 9:48:55, Inactive
112000,1500976136, 2017/7/25 9:48:56, Inactive
112999,1500976137, 2017/7/25 9:48:57, Inactive
113998,1500976138, 2017/7/25 9:48:58, Inactive
114999,1500976139, 2017/7/25 9:48:59, Inactive
115999,1500976140, 2017/7/25 9:49:0, Inactive
117000,1500976141, 2017/7/25 9:49:1, Inactive
117999,1500976142, 2017/7/25 9:49:2, Inactive
119000,1500976143, 2017/7/25 9:49:3, Inactive
119999,1500976144, 2017/7/25 9:49:4, Inactive
120999,1500976145, 2017/7/25 9:49:5, Inactive
121999,1500976146, 2017/7/25 9:49:6, Inactive
122999,1500976147, 2017/7/25 9:49:7, Inactive
123999,1500976148, 2017/7/25 9:49:8, Inactive
124999,1500976149, 2017/7/25 9:49:9, Inactive
125999,1500976150, 2017/7/25 9:49:10, Inactive
126999,1500976151, 2017/7/25 9:49:11, Inactive
128000,1500976152, 2017/7/25 9:49:12, Inactive
128998,1500976153, 2017/7/25 9:49:13, Active
129999,1500976154, 2017/7/25 9:49:14, Active
130999,1500976155, 2017/7/25 9:49:15, Active
131999,1500976156, 2017/7/25 9:49:16, Active
132999,1500976157, 2017/7/25 9:49:17, Active
133999,1500976158, 2017/7/25 9:49:18, Active
135000,1500976159, 2017/7/25 9:49:19, Active
135999,1500976160, 2017/7/25 9:49:20, Active
136999,1500976161, 2017/7/25 9:49:21, Active
137999,1500976162, 2017/7/25 9:49:22, Active
138999,1500976163, 2017/7/25 9:49:23, Active
139999,1500976164, 2017/7/25 9:49:24, Inactive
140999,1500976165, 2017/7/25 9:49:25, Inactive
141999,1500976166, 2017/7/25 9:49:26, Inactive
142999,1500976167, 2017/7/25 9:49:27, Inactive
144000,1500976168, 2017/7/25 9:49:28, Inactive
144999,1500976169, 2017/7/25 9:49:29, Inactive
145999,1500976170, 2017/7/25 9:49:30, Inactive
146999,1500976171, 2017/7/25 9:49:31, Inactive
147999,1500976172, 2017/7/25 9:49:32, Inactive
148999,1500976173, 2017/7/25 9:49:33, Inactive
149999,1500976174, 2017/7/25 9:49:34, Inactive
150999,1500976175, 2017/7/25 9:49:35, Inactive
151999,1500976176, 2017/7/25 9:49:36, Inactive
152999,1500976177, 2017/7/25 9:49:37, Inactive
153999,1500976178, 2017/7/25 9:49:38, Inactive
154999,1500976179, 2017/7/25 9:49:39, Inactive
155999,1500976180, 2017/7/25 9:49:40, Inactive
156999,1500976181, 2017/7/25 9:49:41, Inactive
157999,1500976182, 2017/7/25 9:49:42, Inactive
158999,1500976183, 2017/7/25 9:49:43, Inactive
160000,1500976184, 2017/7/25 9:49:44, Inactive
160999,1500976185, 2017/7/25 9:49:45, Inactive
161998,1500976186, 2017/7/25 9:49:46, Inactive
162999,1500976187, 2017/7/25 9:49:47, Inactive
163999,1500976188, 2017/7/25 9:49:48, Inactive
165000,1500976189, 2017/7/25 9:49:49, Inactive
165999,1500976190, 2017/7/25 9:49:50, Inactive
167000,1500976191, 2017/7/25 9:49:51, Inactive
167999,1500976192, 2017/7/25 9:49:52, Inactive
168998,1500976193, 2017/7/25 9:49:53, Inactive
169999,1500976194, 2017/7/25 9:49:54, Inactive
170999,1500976195, 2017/7/25 9:49:55, Inactive
171999,1500976196, 2017/7/25 9:49:56, Inactive
172999,1500976197, 2017/7/25 9:49:57, Inactive
174000,1500976198, 2017/7/25 9:49:58, Inactive
174999,1500976199, 2017/7/25 9:49:59, Inactive
176000,1500976200, 2017/7/25 9:50:0, Inactive
176998,1500976201, 2017/7/25 9:50:1, Inactive
177999,1500976202, 2017/7/25 9:50:2, Inactive
178999,1500976203, 2017/7/25 9:50:3, Inactive
179999,1500976204, 2017/7/25 9:50:4, Inactive
180999,1500976205, 2017/7/25 9:50:5, Inactive
181999,1500976206, 2017/7/25 9:50:6, Inactive
183000,1500976207, 2017/7/25 9:50:7, Inactive
183999,1500976208, 2017/7/25 9:50:8, Inactive
184999,1500976209, 2017/7/25 9:50:9, Inactive
185998,1500976210, 2017/7/25 9:50:10, Inactive
186999,1500976211, 2017/7/25 9:50:11, Inactive
187999,1500976212, 2017/7/25 9:50:12, Inactive
188999,1500976213, 2017/7/25 9:50:13, Inactive
189999,1500976214, 2017/7/25 9:50:14, Inactive
190998,1500976215, 2017/7/25 9:50:15, Inactive
192000,1500976216, 2017/7/25 9:50:16, Inactive
192999,1500976217, 2017/7/25 9:50:17, Inactive
193999,1500976218, 2017/7/25 9:50:18, Inactive
194999,1500976219, 2017/7/25 9:50:19, Inactive
195999,1500976220, 2017/7/25 9:50:20, Inactive
197000,1500976221, 2017/7/25 9:50:21, Inactive
197999,1500976222, 2017/7/25 9:50:22, Inactive
199000,1500976223, 2017/7/25 9:50:23, Inactive
199999,1500976224, 2017/7/25 9:50:24, Inactive
200999,1500976225, 2017/7/25 9:50:25, Inactive
201999,1500976226, 2017/7/25 9:50:26, Inactive
202998,1500976227, 2017/7/25 9:50:27, Inactive
203999,1500976228, 2017/7/25 9:50:28, Inactive
204999,1500976229, 2017/7/25 9:50:29, Inactive
205999,1500976230, 2017/7/25 9:50:30, Inactive
206998,1500976231, 2017/7/25 9:50:31, Active
208000,1500976232, 2017/7/25 9:50:32, Active
208999,1500976233, 2017/7/25 9:50:33, Active
209999,1500976234, 2017/7/25 9:50:34, Active
210999,1500976235, 2017/7/25 9:50:35, Active
211999,1500976236, 2017/7/25 9:50:36, Active
212999,1500976237, 2017/7/25 9:50:37, Active
213999,1500976238, 2017/7/25 9:50:38, Active
215000,1500976239, 2017/7/25 9:50:39, Active
215999,1500976240, 2017/7/25 9:50:40, Active
216999,1500976241, 2017/7/25 9:50:41, Active
217999,1500976242, 2017/7/25 9:50:42, Inactive
218999,1500976243, 2017/7/25 9:50:43, Inactive
219999,1500976244, 2017/7/25 9:50:44, Inactive
220999,1500976245, 2017/7/25 9:50:45, Inactive
222000,1500976246, 2017/7/25 9:50:46, Inactive
222999,1500976247, 2017/7/25 9:50:47, Inactive
224000,1500976248, 2017/7/25 9:50:48, Inactive
224999,1500976249, 2017/7/25 9:50:49, Inactive
225999,1500976250, 2017/7/25 9:50:50, Inactive
226998,1500976251, 2017/7/25 9:50:51, Inactive
227999,1500976252, 2017/7/25 9:50:52, Inactive
229000,1500976253, 2017/7/25 9:50:53, Inactive
229999,1500976254, 2017/7/25 9:50:54, Inactive
231000,1500976255, 2017/7/25 9:50:55, Inactive
231999,1500976256, 2017/7/25 9:50:56, Inactive
232999,1500976257, 2017/7/25 9:50:57, Inactive
233999,1500976258, 2017/7/25 9:50:58, Inactive
234999,1500976259, 2017/7/25 9:50:59, Inactive
235999,1500976260, 2017/7/25 9:51:0, Active
236999,1500976261, 2017/7/25 9:51:1, Active
237999,1500976262, 2017/7/25 9:51:2, Active
238999,1500976263, 2017/7/25 9:51:3, Active
239998,1500976264, 2017/7/25 9:51:4, Active
240999,1500976265, 2017/7/25 9:51:5, Active
241998,1500976266, 2017/7/25 9:51:6, Active
242999,1500976267, 2017/7/25 9:51:7, Active
243999,1500976268, 2017/7/25 9:51:8, Active
244999,1500976269, 2017/7/25 9:51:9, Active
245999,1500976270, 2017/7/25 9:51:10, Active
247000,1500976271, 2017/7/25 9:51:11, Active
247999,1500976272, 2017/7/25 9:51:12, Active
248999,1500976273, 2017/7/25 9:51:13, Active
249998,1500976274, 2017/7/25 9:51:14, Active
250999,1500976275, 2017/7/25 9:51:15, Active
251998,1500976276, 2017/7/25 9:51:16, Active
252999,1500976277, 2017/7/25 9:51:17, Active
253999,1500976278, 2017/7/25 9:51:18, Active
254998,1500976279, 2017/7/25 9:51:19, Active
256000,1500976280, 2017/7/25 9:51:20, Active
256999,1500976281, 2017/7/25 9:51:21, Active
257999,1500976282, 2017/7/25 9:51:22, Active
258999,1500976283, 2017/7/25 9:51:23, Active
259999,1500976284, 2017/7/25 9:51:24, Active
261000,1500976285, 2017/7/25 9:51:25, Inactive
261999,1500976286, 2017/7/25 9:51:26, Inactive
263000,1500976287, 2017/7/25 9:51:27, Inactive
263999,1500976288, 2017/7/25 9:51:28, Inactive
264999,1500976289, 2017/7/25 9:51:29, Inactive
265998,1500976290, 2017/7/25 9:51:30, Inactive
266999,1500976291, 2017/7/25 9:51:31, Inactive
267999,1500976292, 2017/7/25 9:51:32, Inactive
268999,1500976293, 2017/7/25 9:51:33, Inactive
269999,1500976294, 2017/7/25 9:51:34, Inactive
270999,1500976295, 2017/7/25 9:51:35, Inactive
271998,1500976296, 2017/7/25 9:51:36, Inactive
272999,1500976297, 2017/7/25 9:51:37, Inactive
273999,1500976298, 2017/7/25 9:51:38, Inactive
274999,1500976299, 2017/7/25 9:51:39, Inactive
275999,1500976300, 2017/7/25 9:51:40, Inactive
276999,1500976301, 2017/7/25 9:51:41, Inactive
277999,1500976302, 2017/7/25 9:51:42, Inactive
279000,1500976303, 2017/7/25 9:51:43, Inactive
279999,1500976304, 2017/7/25 9:51:44, Inactive
280999,1500976305, 2017/7/25 9:51:45, Inactive
281999,1500976306, 2017/7/25 9:51:46, Inactive
282999,1500976307, 2017/7/25 9:51:47, Inactive
283999,1500976308, 2017/7/25 9:51:48, Inactive
284998,1500976309, 2017/7/25 9:51:49, Inactive
286000,1500976310, 2017/7/25 9:51:50, Inactive
286999,1500976311, 2017/7/25 9:51:51, Inactive
288000,1500976312, 2017/7/25 9:51:52, Inactive
288999,1500976313, 2017/7/25 9:51:53, Inactive
289999,1500976314, 2017/7/25 9:51:54, Inactive
290999,1500976315, 2017/7/25 9:51:55, Inactive
291999,1500976316, 2017/7/25 9:51:56, Inactive
293000,1500976317, 2017/7/25 9:51:57, Inactive
293999,1500976318, 2017/7/25 9:51:58, Inactive
295000,1500976319, 2017/7/25 9:51:59, Inactive
295999,1500976320, 2017/7/25 9:52:0, Inactive
296999,1500976321, 2017/7/25 9:52:1, Inactive
297998,1500976322, 2017/7/25 9:52:2, Inactive
298999,1500976323, 2017/7/25 9:52:3, Inactive
299999,1500976324, 2017/7/25 9:52:4, Inactive
300999,1500976325, 2017/7/25 9:52:5, Inactive
301999,1500976326, 2017/7/25 9:52:6, Inactive
302999,1500976327, 2017/7/25 9:52:7, Active
303998,1500976328, 2017/7/25 9:52:8, Active
304999,1500976329, 2017/7/25 9:52:9, Active
305999,1500976330, 2017/7/25 9:52:10, Active
306999,1500976331, 2017/7/25 9:52:11, Active
307999,1500976332, 2017/7/25 9:52:12, Active
308999,1500976333, 2017/7/25 9:52:13, Active
309999,1500976334, 2017/7/25 9:52:14, Active
311000,1500976335, 2017/7/25 9:52:15, Active
311999,1500976336, 2017/7/25 9:52:16, Inactive
312999,1500976337, 2017/7/25 9:52:17, Inactive
313999,1500976338, 2017/7/25 9:52:18, Inactive
314999,1500976339, 2017/7/25 9:52:19, Inactive
315999,1500976340, 2017/7/25 9:52:20, Inactive
316999,1500976341, 2017/7/25 9:52:21, Inactive
317999,1500976342, 2017/7/25 9:52:22, Inactive
318999,1500976343, 2017/7/25 9:52:23, Inactive
320000,1500976344, 2017/7/25 9:52:24, Inactive
320999,1500976345, 2017/7/25 9:52:25, Inactive
321999,1500976346, 2017/7/25 9:52:26, Active
322999,1500976347, 2017/7/25 9:52:27, Active
323999,1500976348, 2017/7/25 9:52:28, Active
325000,1500976349, 2017/7/25 9:52:29, Active
325999,1500976350, 2017/7/25 9:52:30, Active
327000,1500976351, 2017/7/25 9:52:31, Active
327999,1500976352, 2017/7/25 9:52:32, Active
328999,1500976353, 2017/7/25 9:52:33, Active
329998,1500976354, 2017/7/25 9:52:34, Inactive
330999,1500976355, 2017/7/25 9:52:35, Inactive
331999,1500976356, 2017/7/25 9:52:36, Inactive
332998,1500976357, 2017/7/25 9:52:37, Inactive
333999,1500976358, 2017/7/25 9:52:38, Inactive
334998,1500976359, 2017/7/25 9:52:39, Inactive
336000,1500976360, 2017/7/25 9:52:40, Inactive
337000,1500976361, 2017/7/25 9:52:41, Inactive
337999,1500976362, 2017/7/25 9:52:42, Inactive
338999,1500976363, 2017/7/25 9:52:43, Inactive
339998,1500976364, 2017/7/25 9:52:44, Inactive
340999,1500976365, 2017/7/25 9:52:45, Inactive
341999,1500976366, 2017/7/25 9:52:46, Inactive
343000,1500976367, 2017/7/25 9:52:47, Inactive
343999,1500976368, 2017/7/25 9:52:48, Inactive
344999,1500976369, 2017/7/25 9:52:49, Inactive
345999,1500976370, 2017/7/25 9:52:50, Inactive
346999,1500976371, 2017/7/25 9:52:51, Inactive
347999,1500976372, 2017/7/25 9:52:52, Inactive
348998,1500976373, 2017/7/25 9:52:53, Inactive
350000,1500976374, 2017/7/25 9:52:54, Inactive
350999,1500976375, 2017/7/25 9:52:55, Inactive
352000,1500976376, 2017/7/25 9:52:56, Inactive
352999,1500976377, 2017/7/25 9:52:57, Inactive
353999,1500976378, 2017/7/25 9:52:58, Inactive
354999,1500976379, 2017/7/25 9:52:59, Inactive
355999,1500976380, 2017/7/25 9:53:0, Inactive
356999,1500976381, 2017/7/25 9:53:1, Inactive
357999,1500976382, 2017/7/25 9:53:2, Inactive
359000,1500976383, 2017/7/25 9:53:3, Inactive
359998,1500976384, 2017/7/25 9:53:4, Inactive
360999,1500976385, 2017/7/25 9:53:5, Inactive
361999,1500976386, 2017/7/25 9:53:6, Inactive
362999,1500976387, 2017/7/25 9:53:7, Inactive
363999,1500976388, 2017/7/25 9:53:8, Inactive
364999,1500976389, 2017/7/25 9:53:9, Inactive
365999,1500976390, 2017/7/25 9:53:10, Inactive
366999,1500976391, 2017/7/25 9:53:11, Inactive
368000,1500976392, 2017/7/25 9:53:12, Inactive
368999,1500976393, 2017/7/25 9:53:13, Inactive
369998,1500976394, 2017/7/25 9:53:14, Inactive
370999,1500976395, 2017/7/25 9:53:15, Inactive
371998,1500976396, 2017/7/25 9:53:16, Inactive
372999,1500976397, 2017/7/25 9:53:17, Inactive
373999,1500976398, 2017/7/25 9:53:18, Inactive
374999,1500976399, 2017/7/25 9:53:19, Inactive
375999,1500976400, 2017/7/25 9:53:20, Inactive
376999,1500976401, 2017/7/25 9:53:21, Inactive
378000,1500976402, 2017/7/25 9:53:22, Inactive
378999,1500976403, 2017/7/25 9:53:23, Inactive
379999,1500976404, 2017/7/25 9:53:24, Inactive
380999,1500976405, 2017/7/25 9:53:25, Inactive
381999,1500976406, 2017/7/25 9:53:26, Inactive
382999,1500976407, 2017/7/25 9:53:27, Inactive
384000,1500976408, 2017/7/25 9:53:28, Inactive
384999,1500976409, 2017/7/25 9:53:29, Inactive
385999,1500976410, 2017/7/25 9:53:30, Inactive
387000,1500976411, 2017/7/25 9:53:31, Inactive
387999,1500976412, 2017/7/25 9:53:32, Inactive
388999,1500976413, 2017/7/25 9:53:33, Inactive
389999,1500976414, 2017/7/25 9:53:34, Active
391000,1500976415, 2017/7/25 9:53:35, Active
391999,1500976416, 2017/7/25 9:53:36, Active
392999,1500976417, 2017/7/25 9:53:37, Active
393999,1500976418, 2017/7/25 9:53:38, Active
394999,1500976419, 2017/7/25 9:53:39, Active
395999,1500976420, 2017/7/25 9:53:40, Active
396999,1500976421, 2017/7/25 9:53:41, Active
397999,1500976422, 2017/7/25 9:53:42, Active
398999,1500976423, 2017/7/25 9:53:43, Active
400000,1500976424, 2017/7/25 9:53:44, Active
400999,1500976425, 2017/7/25 9:53:45, Active
401999,1500976426, 2017/7/25 9:53:46, Active
402999,1500976427, 2017/7/25 9:53:47, Active
403999,1500976428, 2017/7/25 9:53:48, Active
404999,1500976429, 2017/7/25 9:53:49, Active
405999,1500976430, 2017/7/25 9:53:50, Active
407000,1500976431, 2017/7/25 9:53:51, Active
407999,1500976432, 2017/7/25 9:53:52, Inactive
408999,1500976433, 2017/7/25 9:53:53, Inactive
409999,1500976434, 2017/7/25 9:53:54, Inactive
410999,1500976435, 2017/7/25 9:53:55, Inactive
411999,1500976436, 2017/7/25 9:53:56, Inactive
412999,1500976437, 2017/7/25 9:53:57, Inactive
413999,1500976438, 2017/7/25 9:53:58, Inactive
414999,1500976439, 2017/7/25 9:53:59, Active
416000,1500976440, 2017/7/25 9:54:0, Active
416999,1500976441, 2017/7/25 9:54:1, Active
417999,1500976442, 2017/7/25 9:54:2, Active
418999,1500976443, 2017/7/25 9:54:3, Active
419999,1500976444, 2017/7/25 9:54:4, Active
420999,1500976445, 2017/7/25 9:54:5, Active
421999,1500976446, 2017/7/25 9:54:6, Inactive
423000,1500976447, 2017/7/25 9:54:7, Inactive
423999,1500976448, 2017/7/25 9:54:8, Inactive
424999,1500976449, 2017/7/25 9:54:9, Inactive
425998,1500976450, 2017/7/25 9:54:10, Inactive
426999,1500976451, 2017/7/25 9:54:11, Inactive
427999,1500976452, 2017/7/25 9:54:12, Inactive
428998,1500976453, 2017/7/25 9:54:13, Inactive
429999,1500976454, 2017/7/25 9:54:14, Inactive
430999,1500976455, 2017/7/25 9:54:15, Inactive
432000,1500976456, 2017/7/25 9:54:16, Inactive
432999,1500976457, 2017/7/25 9:54:17, Inactive
433999,1500976458, 2017/7/25 9:54:18, Inactive
434999,1500976459, 2017/7/25 9:54:19, Inactive
435999,1500976460, 2017/7/25 9:54:20, Inactive
436998,1500976461, 2017/7/25 9:54:21, Inactive
437999,1500976462, 2017/7/25 9:54:22, Inactive
439000,1500976463, 2017/7/25 9:54:23, Inactive
439999,1500976464, 2017/7/25 9:54:24, Inactive
440999,1500976465, 2017/7/25 9:54:25, Inactive
441999,1500976466, 2017/7/25 9:54:26, Inactive
442999,1500976467, 2017/7/25 9:54:27, Inactive
443999,1500976468, 2017/7/25 9:54:28, Inactive
444999,1500976469, 2017/7/25 9:54:29, Inactive
446000,1500976470, 2017/7/25 9:54:30, Inactive
446999,1500976471, 2017/7/25 9:54:31, Inactive
448000,1500976472, 2017/7/25 9:54:32, Inactive
448999,1500976473, 2017/7/25 9:54:33, Inactive
449999,1500976474, 2017/7/25 9:54:34, Inactive
450999,1500976475, 2017/7/25 9:54:35, Inactive
451999,1500976476, 2017/7/25 9:54:36, Inactive
452999,1500976477, 2017/7/25 9:54:37, Inactive
453999,1500976478, 2017/7/25 9:54:38, Inactive
455000,1500976479, 2017/7/25 9:54:39, Inactive
455999,1500976480, 2017/7/25 9:54:40, Inactive
456999,1500976481, 2017/7/25 9:54:41, Inactive
457999,1500976482, 2017/7/25 9:54:42, Inactive
458999,1500976483, 2017/7/25 9:54:43, Inactive
459999,1500976484, 2017/7/25 9:54:44, Inactive
460999,1500976485, 2017/7/25 9:54:45, Inactive
462000,1500976486, 2017/7/25 9:54:46, Inactive
462999,1500976487, 2017/7/25 9:54:47, Inactive
464000,1500976488, 2017/7/25 9:54:48, Inactive
464999,1500976489, 2017/7/25 9:54:49, Inactive
465999,1500976490, 2017/7/25 9:54:50, Inactive
466998,1500976491, 2017/7/25 9:54:51, Inactive
467999,1500976492, 2017/7/25 9:54:52, Inactive
468999,1500976493, 2017/7/25 9:54:53, Inactive
469998,1500976494, 2017/7/25 9:54:54, Inactive
471000,1500976495, 2017/7/25 9:54:55, Inactive
471999,1500976496, 2017/7/25 9:54:56, Inactive
472999,1500976497, 2017/7/25 9:54:57, Inactive
473999,1500976498, 2017/7/25 9:54:58, Inactive
474999,1500976499, 2017/7/25 9:54:59, Inactive
475999,1500976500, 2017/7/25 9:55:0, Inactive
476999,1500976501, 2017/7/25 9:55:1, Inactive
478000,1500976502, 2017/7/25 9:55:2, Inactive
478999,1500976503, 2017/7/25 9:55:3, Inactive
479998,1500976504, 2017/7/25 9:55:4, Inactive
480999,1500976505, 2017/7/25 9:55:5, Inactive
481998,1500976506, 2017/7/25 9:55:6, Inactive
482999,1500976507, 2017/7/25 9:55:7, Inactive
483999,1500976508, 2017/7/25 9:55:8, Inactive
484999,1500976509, 2017/7/25 9:55:9, Inactive
485999,1500976510, 2017/7/25 9:55:10, Inactive
486999,1500976511, 2017/7/25 9:55:11, Inactive
487999,1500976512, 2017/7/25 9:55:12, Inactive
488999,1500976513, 2017/7/25 9:55:13, Inactive
489999,1500976514, 2017/7/25 9:55:14, Inactive
490999,1500976515, 2017/7/25 9:55:15, Inactive
491998,1500976516, 2017/7/25 9:55:16, Inactive
492999,1500976517, 2017/7/25 9:55:17, Inactive
494000,1500976518, 2017/7/25 9:55:18, Inactive
494999,1500976519, 2017/7/25 9:55:19, Inactive
496000,1500976520, 2017/7/25 9:55:20, Inactive
496999,1500976521, 2017/7/25 9:55:21, Inactive
497999,1500976522, 2017/7/25 9:55:22, Inactive
498999,1500976523, 2017/7/25 9:55:23, Inactive
499998,1500976524, 2017/7/25 9:55:24, Inactive
500999,1500976525, 2017/7/25 9:55:25, Inactive
501999,1500976526, 2017/7/25 9:55:26, Inactive
502999,1500976527, 2017/7/25 9:55:27, Inactive
503999,1500976528, 2017/7/25 9:55:28, Inactive
504999,1500976529, 2017/7/25 9:55:29, Inactive
505999,1500976530, 2017/7/25 9:55:30, Inactive
506999,1500976531, 2017/7/25 9:55:31, Inactive
507999,1500976532, 2017/7/25 9:55:32, Inactive
508999,1500976533, 2017/7/25 9:55:33, Inactive
509999,1500976534, 2017/7/25 9:55:34, Inactive
510999,1500976535, 2017/7/25 9:55:35, Inactive
511998,1500976536, 2017/7/25 9:55:36, Inactive
512999,1500976537, 2017/7/25 9:55:37, Inactive
513999,1500976538, 2017/7/25 9:55:38, Inactive
514999,1500976539, 2017/7/25 9:55:39, Inactive
515999,1500976540, 2017/7/25 9:55:40, Inactive
516999,1500976541, 2017/7/25 9:55:41, Inactive
517999,1500976542, 2017/7/25 9:55:42, Inactive
518999,1500976543, 2017/7/25 9:55:43, Inactive
519999,1500976544, 2017/7/25 9:55:44, Inactive
520999,1500976545, 2017/7/25 9:55:45, Inactive
521999,1500976546, 2017/7/25 9:55:46, Inactive
522999,1500976547, 2017/7/25 9:55:47, Inactive
523999,1500976548, 2017/7/25 9:55:48, Inactive
524999,1500976549, 2017/7/25 9:55:49, Inactive
526000,1500976550, 2017/7/25 9:55:50, Inactive
526999,1500976551, 2017/7/25 9:55:51, Inactive
528000,1500976552, 2017/7/25 9:55:52, Inactive
528999,1500976553, 2017/7/25 9:55:53, Inactive
529999,1500976554, 2017/7/25 9:55:54, Inactive
530999,1500976555, 2017/7/25 9:55:55, Inactive
531999,1500976556, 2017/7/25 9:55:56, Inactive
533000,1500976557, 2017/7/25 9:55:57, Inactive
533999,1500976558, 2017/7/25 9:55:58, Inactive
535000,1500976559, 2017/7/25 9:55:59, Inactive
535999,1500976560, 2017/7/25 9:56:0, Inactive
536999,1500976561, 2017/7/25 9:56:1, Inactive
537999,1500976562, 2017/7/25 9:56:2, Inactive
538999,1500976563, 2017/7/25 9:56:3, Inactive
539999,1500976564, 2017/7/25 9:56:4, Inactive
540999,1500976565, 2017/7/25 9:56:5, Inactive
541999,1500976566, 2017/7/25 9:56:6, Inactive
542999,1500976567, 2017/7/25 9:56:7, Inactive
544000,1500976568, 2017/7/25 9:56:8, Inactive
544999,1500976569, 2017/7/25 9:56:9, Inactive
545998,1500976570, 2017/7/25 9:56:10, Inactive
546999,1500976571, 2017/7/25 9:56:11, Inactive
547998,1500976572, 2017/7/25 9:56:12, Inactive
548999,1500976573, 2017/7/25 9:56:13, Inactive
549999,1500976574, 2017/7/25 9:56:14, Inactive
550999,1500976575, 2017/7/25 9:56:15, Inactive
551999,1500976576, 2017/7/25 9:56:16, Inactive
552999,1500976577, 2017/7/25 9:56:17, Inactive
553999,1500976578, 2017/7/25 9:56:18, Inactive
554999,1500976579, 2017/7/25 9:56:19, Inactive
555999,1500976580, 2017/7/25 9:56:20, Inactive
556999,1500976581, 2017/7/25 9:56:21, Inactive
558000,1500976582, 2017/7/25 9:56:22, Active
558999,1500976583, 2017/7/25 9:56:23, Active
560000,1500976584, 2017/7/25 9:56:24, Active
560999,1500976585, 2017/7/25 9:56:25, Active
561999,1500976586, 2017/7/25 9:56:26, Active
562999,1500976587, 2017/7/25 9:56:27, Active
563999,1500976588, 2017/7/25 9:56:28, Inactive
564999,1500976589, 2017/7/25 9:56:29, Inactive
565999,1500976590, 2017/7/25 9:56:30, Inactive
566999,1500976591, 2017/7/25 9:56:31, Inactive
567999,1500976592, 2017/7/25 9:56:32, Inactive
568999,1500976593, 2017/7/25 9:56:33, Inactive
569999,1500976594, 2017/7/25 9:56:34, Inactive
570999,1500976595, 2017/7/25 9:56:35, Inactive
571999,1500976596, 2017/7/25 9:56:36, Inactive
572999,1500976597, 2017/7/25 9:56:37, Inactive
573999,1500976598, 2017/7/25 9:56:38, Inactive
574999,1500976599, 2017/7/25 9:56:39, Inactive
575998,1500976600, 2017/7/25 9:56:40, Inactive
576999,1500976601, 2017/7/25 9:56:41, Inactive
577999,1500976602, 2017/7/25 9:56:42, Inactive
578999,1500976603, 2017/7/25 9:56:43, Inactive
579999,1500976604, 2017/7/25 9:56:44, Inactive
580999,1500976605, 2017/7/25 9:56:45, Inactive
581999,1500976606, 2017/7/25 9:56:46, Inactive
583000,1500976607, 2017/7/25 9:56:47, Inactive
583999,1500976608, 2017/7/25 9:56:48, Inactive
584999,1500976609, 2017/7/25 9:56:49, Inactive
585999,1500976610, 2017/7/25 9:56:50, Inactive
